The Monica Set With A 1 Carat Round Lab Diamond,$3,420,The Monica is a true masterpiece that combines sleek refinement with icy sparkle. The centerpiece is a magnificent diamond that sparkles from every angle, surrounded by a glittering hidden halo that adds extra brilliance to the already stunning stone. The slender band is adorned with channel set baguette diamonds that perfectly complement the center stone. With its classic elegance and modern sophistication, The Monica engagement ring is the perfect way to celebrate your love story.,1,round,14k-white-gold,2.5mm,0.48 ct,14k White Gold,58.5% Gold,25.4% Copper,8.7% Zinc,7.3% Nickel,D-F,VVS,High,1,D-F,VS,
The Monica Set With A 1 Carat Round Lab Diamond,$3,420,The Monica is a true masterpiece that combines sleek refinement with icy sparkle. The centerpiece is a magnificent diamond that sparkles from every angle, surrounded by a glittering hidden halo that adds extra brilliance to the already stunning stone. The slender band is adorned with channel set baguette diamonds that perfectly complement the center stone. With its classic elegance and modern sophistication, The Monica engagement ring is the perfect way to celebrate your love story.,1,round,14k-yellow-gold,2.5mm,0.48 ct,14k White Gold,58.5% Gold,25.4% Copper,8.7% Zinc,7.3% Nickel,D-F,VVS,High,1,D-F,VS,
The Monica Set With A 1 Carat Round Lab Diamond,$3,420,The Monica is a true masterpiece that combines sleek refinement with icy sparkle. The centerpiece is a magnificent diamond that sparkles from every angle, surrounded by a glittering hidden halo that adds extra brilliance to the already stunning stone. The slender band is adorned with channel set baguette diamonds that perfectly complement the center stone. With its classic elegance and modern sophistication, The Monica engagement ring is the perfect way to celebrate your love story.,1,round,14k-rose-gold,2.5mm,0.48 ct,14k White Gold,58.5% Gold,25.4% Copper,8.7% Zinc,7.3% Nickel,D-F,VVS,High,1,D-F,VS,
The Monica Set With A 1 Carat Round Lab Diamond,$3,420,The Monica is a true masterpiece that combines sleek refinement with icy sparkle. The centerpiece is a magnificent diamond that sparkles from every angle, surrounded by a glittering hidden halo that adds extra brilliance to the already stunning stone. The slender band is adorned with channel set baguette diamonds that perfectly complement the center stone. With its classic elegance and modern sophistication, The Monica engagement ring is the perfect way to celebrate your love story.,1,round,platinum,2.5mm,0.48 ct,14k White Gold,58.5% Gold,25.4% Copper,8.7% Zinc,7.3% Nickel,D-F,VVS,High,1,D-F,VS,
The Monica Set With A 1 Carat Round Lab Diamond,$3,420,The Monica is a true masterpiece that combines sleek refinement with icy sparkle. The centerpiece is a magnificent diamond that sparkles from every angle, surrounded by a glittering hidden halo that adds extra brilliance to the already stunning stone. The slender band is adorned with channel set baguette diamonds that perfectly complement the center stone. With its classic elegance and modern sophistication, The Monica engagement ring is the perfect way to celebrate your love story.,1,oval,14k-white-gold,2.5mm,0.48 ct,14k White Gold,58.5% Gold,25.4% Copper,8.7% Zinc,7.3% Nickel,D-F,VVS,High,1,D-F,VS,
The Monica Set With A 1 Carat Round Lab Diamond,$3,420,The Monica is a true masterpiece that combines sleek refinement with icy sparkle. The centerpiece is a magnificent diamond that sparkles from every angle, surrounded by a glittering hidden halo that adds extra brilliance to the already stunning stone. The slender band is adorned with channel set baguette diamonds that perfectly complement the center stone. With its classic elegance and modern sophistication, The Monica engagement ring is the perfect way to celebrate your love story.,1,oval,14k-yellow-gold,2.5mm,0.48 ct,14k White Gold,58.5% Gold,25.4% Copper,8.7% Zinc,7.3% Nickel,D-F,VVS,High,1,D-F,VS,
The Monica Set With A 1 Carat Round Lab Diamond,$3,420,The Monica is a true masterpiece that combines sleek refinement with icy sparkle. The centerpiece is a magnificent diamond that sparkles from every angle, surrounded by a glittering hidden halo that adds extra brilliance to the already stunning stone. The slender band is adorned with channel set baguette diamonds that perfectly complement the center stone. With its classic elegance and modern sophistication, The Monica engagement ring is the perfect way to celebrate your love story.,1,oval,14k-rose-gold,2.5mm,0.48 ct,14k White Gold,58.5% Gold,25.4% Copper,8.7% Zinc,7.3% Nickel,D-F,VVS,High,1,D-F,VS,
The Monica Set With A 1 Carat Round Lab Diamond,$3,420,The Monica is a true masterpiece that combines sleek refinement with icy sparkle. The centerpiece is a magnificent diamond that sparkles from every angle, surrounded by a glittering hidden halo that adds extra brilliance to the already stunning stone. The slender band is adorned with channel set baguette diamonds that perfectly complement the center stone. With its classic elegance and modern sophistication, The Monica engagement ring is the perfect way to celebrate your love story.,1,oval,platinum,2.5mm,0.48 ct,14k White Gold,58.5% Gold,25.4% Copper,8.7% Zinc,7.3% Nickel,D-F,VVS,High,1,D-F,VS,
The Monica Set With A 1 Carat Round Lab Diamond,$3,420,The Monica is a true masterpiece that combines sleek refinement with icy sparkle. The centerpiece is a magnificent diamond that sparkles from every angle, surrounded by a glittering hidden halo that adds extra brilliance to the already stunning stone. The slender band is adorned with channel set baguette diamonds that perfectly complement the center stone. With its classic elegance and modern sophistication, The Monica engagement ring is the perfect way to celebrate your love story.,1,pear,14k-white-gold,2.5mm,0.48 ct,14k White Gold,58.5% Gold,25.4% Copper,8.7% Zinc,7.3% Nickel,D-F,VVS,High,1,D-F,VS,
The Monica Set With A 1 Carat Round Lab Diamond,$3,420,The Monica is a true masterpiece that combines sleek refinement with icy sparkle. The centerpiece is a magnificent diamond that sparkles from every angle, surrounded by a glittering hidden halo that adds extra brilliance to the already stunning stone. The slender band is adorned with channel set baguette diamonds that perfectly complement the center stone. With its classic elegance and modern sophistication, The Monica engagement ring is the perfect way to celebrate your love story.,1,pear,14k-yellow-gold,2.5mm,0.48 ct,14k White Gold,58.5% Gold,25.4% Copper,8.7% Zinc,7.3% Nickel,D-F,VVS,High,1,D-F,VS,
The Monica Set With A 1 Carat Round Lab Diamond,$3,420,The Monica is a true masterpiece that combines sleek refinement with icy sparkle. The centerpiece is a magnificent diamond that sparkles from every angle, surrounded by a glittering hidden halo that adds extra brilliance to the already stunning stone. The slender band is adorned with channel set baguette diamonds that perfectly complement the center stone. With its classic elegance and modern sophistication, The Monica engagement ring is the perfect way to celebrate your love story.,1,pear,14k-rose-gold,2.5mm,0.48 ct,14k White Gold,58.5% Gold,25.4% Copper,8.7% Zinc,7.3% Nickel,D-F,VVS,High,1,D-F,VS,
The Monica Set With A 1 Carat Round Lab Diamond,$3,420,The Monica is a true masterpiece that combines sleek refinement with icy sparkle. The centerpiece is a magnificent diamond that sparkles from every angle, surrounded by a glittering hidden halo that adds extra brilliance to the already stunning stone. The slender band is adorned with channel set baguette diamonds that perfectly complement the center stone. With its classic elegance and modern sophistication, The Monica engagement ring is the perfect way to celebrate your love story.,1,pear,platinum,2.5mm,0.48 ct,14k White Gold,58.5% Gold,25.4% Copper,8.7% Zinc,7.3% Nickel,D-F,VVS,High,1,D-F,VS,
The Monica Set With A 1 Carat Round Lab Diamond,$3,420,The Monica is a true masterpiece that combines sleek refinement with icy sparkle. The centerpiece is a magnificent diamond that sparkles from every angle, surrounded by a glittering hidden halo that adds extra brilliance to the already stunning stone. The slender band is adorned with channel set baguette diamonds that perfectly complement the center stone. With its classic elegance and modern sophistication, The Monica engagement ring is the perfect way to celebrate your love story.,1,cushion,14k-white-gold,2.5mm,0.48 ct,14k White Gold,58.5% Gold,25.4% Copper,8.7% Zinc,7.3% Nickel,D-F,VVS,High,1,D-F,VS,
The Monica Set With A 1 Carat Round Lab Diamond,$3,420,The Monica is a true masterpiece that combines sleek refinement with icy sparkle. The centerpiece is a magnificent diamond that sparkles from every angle, surrounded by a glittering hidden halo that adds extra brilliance to the already stunning stone. The slender band is adorned with channel set baguette diamonds that perfectly complement the center stone. With its classic elegance and modern sophistication, The Monica engagement ring is the perfect way to celebrate your love story.,1,cushion,14k-yellow-gold,2.5mm,0.48 ct,14k White Gold,58.5% Gold,25.4% Copper,8.7% Zinc,7.3% Nickel,D-F,VVS,High,1,D-F,VS,
The Monica Set With A 1 Carat Round Lab Diamond,$3,420,The Monica is a true masterpiece that combines sleek refinement with icy sparkle. The centerpiece is a magnificent diamond that sparkles from every angle, surrounded by a glittering hidden halo that adds extra brilliance to the already stunning stone. The slender band is adorned with channel set baguette diamonds that perfectly complement the center stone. With its classic elegance and modern sophistication, The Monica engagement ring is the perfect way to celebrate your love story.,1,cushion,14k-rose-gold,2.5mm,0.48 ct,14k White Gold,58.5% Gold,25.4% Copper,8.7% Zinc,7.3% Nickel,D-F,VVS,High,1,D-F,VS,
The Monica Set With A 1 Carat Round Lab Diamond,$3,420,The Monica is a true masterpiece that combines sleek refinement with icy sparkle. The centerpiece is a magnificent diamond that sparkles from every angle, surrounded by a glittering hidden halo that adds extra brilliance to the already stunning stone. The slender band is adorned with channel set baguette diamonds that perfectly complement the center stone. With its classic elegance and modern sophistication, The Monica engagement ring is the perfect way to celebrate your love story.,1,cushion,platinum,2.5mm,0.48 ct,14k White Gold,58.5% Gold,25.4% Copper,8.7% Zinc,7.3% Nickel,D-F,VVS,High,1,D-F,VS,
The Monica Set With A 1 Carat Round Lab Diamond,$3,420,The Monica is a true masterpiece that combines sleek refinement with icy sparkle. The centerpiece is a magnificent diamond that sparkles from every angle, surrounded by a glittering hidden halo that adds extra brilliance to the already stunning stone. The slender band is adorned with channel set baguette diamonds that perfectly complement the center stone. With its classic elegance and modern sophistication, The Monica engagement ring is the perfect way to celebrate your love story.,1-5,round,14k-white-gold,2.5mm,0.48 ct,14k White Gold,58.5% Gold,25.4% Copper,8.7% Zinc,7.3% Nickel,D-F,VVS,High,1,D-F,VS,
The Monica Set With A 1 Carat Round Lab Diamond,$3,420,The Monica is a true masterpiece that combines sleek refinement with icy sparkle. The centerpiece is a magnificent diamond that sparkles from every angle, surrounded by a glittering hidden halo that adds extra brilliance to the already stunning stone. The slender band is adorned with channel set baguette diamonds that perfectly complement the center stone. With its classic elegance and modern sophistication, The Monica engagement ring is the perfect way to celebrate your love story.,1-5,round,14k-yellow-gold,2.5mm,0.48 ct,14k White Gold,58.5% Gold,25.4% Copper,8.7% Zinc,7.3% Nickel,D-F,VVS,High,1,D-F,VS,
The Monica Set With A 1 Carat Round Lab Diamond,$3,420,The Monica is a true masterpiece that combines sleek refinement with icy sparkle. The centerpiece is a magnificent diamond that sparkles from every angle, surrounded by a glittering hidden halo that adds extra brilliance to the already stunning stone. The slender band is adorned with channel set baguette diamonds that perfectly complement the center stone. With its classic elegance and modern sophistication, The Monica engagement ring is the perfect way to celebrate your love story.,1-5,round,14k-rose-gold,2.5mm,0.48 ct,14k White Gold,58.5% Gold,25.4% Copper,8.7% Zinc,7.3% Nickel,D-F,VVS,High,1,D-F,VS,
The Monica Set With A 1 Carat Round Lab Diamond,$3,420,The Monica is a true masterpiece that combines sleek refinement with icy sparkle. The centerpiece is a magnificent diamond that sparkles from every angle, surrounded by a glittering hidden halo that adds extra brilliance to the already stunning stone. The slender band is adorned with channel set baguette diamonds that perfectly complement the center stone. With its classic elegance and modern sophistication, The Monica engagement ring is the perfect way to celebrate your love story.,1-5,round,platinum,2.5mm,0.48 ct,14k White Gold,58.5% Gold,25.4% Copper,8.7% Zinc,7.3% Nickel,D-F,VVS,High,1,D-F,VS,
The Monica Set With A 1 Carat Round Lab Diamond,$3,420,The Monica is a true masterpiece that combines sleek refinement with icy sparkle. The centerpiece is a magnificent diamond that sparkles from every angle, surrounded by a glittering hidden halo that adds extra brilliance to the already stunning stone. The slender band is adorned with channel set baguette diamonds that perfectly complement the center stone. With its classic elegance and modern sophistication, The Monica engagement ring is the perfect way to celebrate your love story.,1-5,oval,14k-white-gold,2.5mm,0.48 ct,14k White Gold,58.5% Gold,25.4% Copper,8.7% Zinc,7.3% Nickel,D-F,VVS,High,1,D-F,VS,
The Monica Set With A 1 Carat Round Lab Diamond,$3,420,The Monica is a true masterpiece that combines sleek refinement with icy sparkle. The centerpiece is a magnificent diamond that sparkles from every angle, surrounded by a glittering hidden halo that adds extra brilliance to the already stunning stone. The slender band is adorned with channel set baguette diamonds that perfectly complement the center stone. With its classic elegance and modern sophistication, The Monica engagement ring is the perfect way to celebrate your love story.,1-5,oval,14k-yellow-gold,2.5mm,0.48 ct,14k White Gold,58.5% Gold,25.4% Copper,8.7% Zinc,7.3% Nickel,D-F,VVS,High,1,D-F,VS,
The Monica Set With A 1 Carat Round Lab Diamond,$3,420,The Monica is a true masterpiece that combines sleek refinement with icy sparkle. The centerpiece is a magnificent diamond that sparkles from every angle, surrounded by a glittering hidden halo that adds extra brilliance to the already stunning stone. The slender band is adorned with channel set baguette diamonds that perfectly complement the center stone. With its classic elegance and modern sophistication, The Monica engagement ring is the perfect way to celebrate your love story.,1-5,oval,14k-rose-gold,2.5mm,0.48 ct,14k White Gold,58.5% Gold,25.4% Copper,8.7% Zinc,7.3% Nickel,D-F,VVS,High,1,D-F,VS,
The Monica Set With A 1 Carat Round Lab Diamond,$3,420,The Monica is a true masterpiece that combines sleek refinement with icy sparkle. The centerpiece is a magnificent diamond that sparkles from every angle, surrounded by a glittering hidden halo that adds extra brilliance to the already stunning stone. The slender band is adorned with channel set baguette diamonds that perfectly complement the center stone. With its classic elegance and modern sophistication, The Monica engagement ring is the perfect way to celebrate your love story.,1-5,oval,platinum,2.5mm,0.48 ct,14k White Gold,58.5% Gold,25.4% Copper,8.7% Zinc,7.3% Nickel,D-F,VVS,High,1,D-F,VS,
The Monica Set With A 1 Carat Round Lab Diamond,$3,420,The Monica is a true masterpiece that combines sleek refinement with icy sparkle. The centerpiece is a magnificent diamond that sparkles from every angle, surrounded by a glittering hidden halo that adds extra brilliance to the already stunning stone. The slender band is adorned with channel set baguette diamonds that perfectly complement the center stone. With its classic elegance and modern sophistication, The Monica engagement ring is the perfect way to celebrate your love story.,1-5,pear,14k-white-gold,2.5mm,0.48 ct,14k White Gold,58.5% Gold,25.4% Copper,8.7% Zinc,7.3% Nickel,D-F,VVS,High,1,D-F,VS,
The Monica Set With A 1 Carat Round Lab Diamond,$3,420,The Monica is a true masterpiece that combines sleek refinement with icy sparkle. The centerpiece is a magnificent diamond that sparkles from every angle, surrounded by a glittering hidden halo that adds extra brilliance to the already stunning stone. The slender band is adorned with channel set baguette diamonds that perfectly complement the center stone. With its classic elegance and modern sophistication, The Monica engagement ring is the perfect way to celebrate your love story.,1-5,pear,14k-yellow-gold,2.5mm,0.48 ct,14k White Gold,58.5% Gold,25.4% Copper,8.7% Zinc,7.3% Nickel,D-F,VVS,High,1,D-F,VS,
The Monica Set With A 1 Carat Round Lab Diamond,$3,420,The Monica is a true masterpiece that combines sleek refinement with icy sparkle. The centerpiece is a magnificent diamond that sparkles from every angle, surrounded by a glittering hidden halo that adds extra brilliance to the already stunning stone. The slender band is adorned with channel set baguette diamonds that perfectly complement the center stone. With its classic elegance and modern sophistication, The Monica engagement ring is the perfect way to celebrate your love story.,1-5,pear,14k-rose-gold,2.5mm,0.48 ct,14k White Gold,58.5% Gold,25.4% Copper,8.7% Zinc,7.3% Nickel,D-F,VVS,High,1,D-F,VS,
The Monica Set With A 1 Carat Round Lab Diamond,$3,420,The Monica is a true masterpiece that combines sleek refinement with icy sparkle. The centerpiece is a magnificent diamond that sparkles from every angle, surrounded by a glittering hidden halo that adds extra brilliance to the already stunning stone. The slender band is adorned with channel set baguette diamonds that perfectly complement the center stone. With its classic elegance and modern sophistication, The Monica engagement ring is the perfect way to celebrate your love story.,1-5,pear,platinum,2.5mm,0.48 ct,14k White Gold,58.5% Gold,25.4% Copper,8.7% Zinc,7.3% Nickel,D-F,VVS,High,1,D-F,VS,
The Monica Set With A 1 Carat Round Lab Diamond,$3,420,The Monica is a true masterpiece that combines sleek refinement with icy sparkle. The centerpiece is a magnificent diamond that sparkles from every angle, surrounded by a glittering hidden halo that adds extra brilliance to the already stunning stone. The slender band is adorned with channel set baguette diamonds that perfectly complement the center stone. With its classic elegance and modern sophistication, The Monica engagement ring is the perfect way to celebrate your love story.,1-5,cushion,14k-white-gold,2.5mm,0.48 ct,14k White Gold,58.5% Gold,25.4% Copper,8.7% Zinc,7.3% Nickel,D-F,VVS,High,1,D-F,VS,
The Monica Set With A 1 Carat Round Lab Diamond,$3,420,The Monica is a true masterpiece that combines sleek refinement with icy sparkle. The centerpiece is a magnificent diamond that sparkles from every angle, surrounded by a glittering hidden halo that adds extra brilliance to the already stunning stone. The slender band is adorned with channel set baguette diamonds that perfectly complement the center stone. With its classic elegance and modern sophistication, The Monica engagement ring is the perfect way to celebrate your love story.,1-5,cushion,14k-yellow-gold,2.5mm,0.48 ct,14k White Gold,58.5% Gold,25.4% Copper,8.7% Zinc,7.3% Nickel,D-F,VVS,High,1,D-F,VS,
The Monica Set With A 1 Carat Round Lab Diamond,$3,420,The Monica is a true masterpiece that combines sleek refinement with icy sparkle. The centerpiece is a magnificent diamond that sparkles from every angle, surrounded by a glittering hidden halo that adds extra brilliance to the already stunning stone. The slender band is adorned with channel set baguette diamonds that perfectly complement the center stone. With its classic elegance and modern sophistication, The Monica engagement ring is the perfect way to celebrate your love story.,1-5,cushion,14k-rose-gold,2.5mm,0.48 ct,14k White Gold,58.5% Gold,25.4% Copper,8.7% Zinc,7.3% Nickel,D-F,VVS,High,1,D-F,VS,
The Monica Set With A 1 Carat Round Lab Diamond,$3,420,The Monica is a true masterpiece that combines sleek refinement with icy sparkle. The centerpiece is a magnificent diamond that sparkles from every angle, surrounded by a glittering hidden halo that adds extra brilliance to the already stunning stone. The slender band is adorned with channel set baguette diamonds that perfectly complement the center stone. With its classic elegance and modern sophistication, The Monica engagement ring is the perfect way to celebrate your love story.,1-5,cushion,platinum,2.5mm,0.48 ct,14k White Gold,58.5% Gold,25.4% Copper,8.7% Zinc,7.3% Nickel,D-F,VVS,High,1,D-F,VS,
The Monica Set With A 1 Carat Round Lab Diamond,$3,420,The Monica is a true masterpiece that combines sleek refinement with icy sparkle. The centerpiece is a magnificent diamond that sparkles from every angle, surrounded by a glittering hidden halo that adds extra brilliance to the already stunning stone. The slender band is adorned with channel set baguette diamonds that perfectly complement the center stone. With its classic elegance and modern sophistication, The Monica engagement ring is the perfect way to celebrate your love story.,2,round,14k-white-gold,2.5mm,0.48 ct,14k White Gold,58.5% Gold,25.4% Copper,8.7% Zinc,7.3% Nickel,D-F,VVS,High,1,D-F,VS,
The Monica Set With A 1 Carat Round Lab Diamond,$3,420,The Monica is a true masterpiece that combines sleek refinement with icy sparkle. The centerpiece is a magnificent diamond that sparkles from every angle, surrounded by a glittering hidden halo that adds extra brilliance to the already stunning stone. The slender band is adorned with channel set baguette diamonds that perfectly complement the center stone. With its classic elegance and modern sophistication, The Monica engagement ring is the perfect way to celebrate your love story.,2,round,14k-yellow-gold,2.5mm,0.48 ct,14k White Gold,58.5% Gold,25.4% Copper,8.7% Zinc,7.3% Nickel,D-F,VVS,High,1,D-F,VS,
The Monica Set With A 1 Carat Round Lab Diamond,$3,420,The Monica is a true masterpiece that combines sleek refinement with icy sparkle. The centerpiece is a magnificent diamond that sparkles from every angle, surrounded by a glittering hidden halo that adds extra brilliance to the already stunning stone. The slender band is adorned with channel set baguette diamonds that perfectly complement the center stone. With its classic elegance and modern sophistication, The Monica engagement ring is the perfect way to celebrate your love story.,2,round,14k-rose-gold,2.5mm,0.48 ct,14k White Gold,58.5% Gold,25.4% Copper,8.7% Zinc,7.3% Nickel,D-F,VVS,High,1,D-F,VS,
The Monica Set With A 1 Carat Round Lab Diamond,$3,420,The Monica is a true masterpiece that combines sleek refinement with icy sparkle. The centerpiece is a magnificent diamond that sparkles from every angle, surrounded by a glittering hidden halo that adds extra brilliance to the already stunning stone. The slender band is adorned with channel set baguette diamonds that perfectly complement the center stone. With its classic elegance and modern sophistication, The Monica engagement ring is the perfect way to celebrate your love story.,2,round,platinum,2.5mm,0.48 ct,14k White Gold,58.5% Gold,25.4% Copper,8.7% Zinc,7.3% Nickel,D-F,VVS,High,1,D-F,VS,
The Monica Set With A 1 Carat Round Lab Diamond,$3,420,The Monica is a true masterpiece that combines sleek refinement with icy sparkle. The centerpiece is a magnificent diamond that sparkles from every angle, surrounded by a glittering hidden halo that adds extra brilliance to the already stunning stone. The slender band is adorned with channel set baguette diamonds that perfectly complement the center stone. With its classic elegance and modern sophistication, The Monica engagement ring is the perfect way to celebrate your love story.,2,oval,14k-white-gold,2.5mm,0.48 ct,14k White Gold,58.5% Gold,25.4% Copper,8.7% Zinc,7.3% Nickel,D-F,VVS,High,1,D-F,VS,
The Monica Set With A 1 Carat Round Lab Diamond,$3,420,The Monica is a true masterpiece that combines sleek refinement with icy sparkle. The centerpiece is a magnificent diamond that sparkles from every angle, surrounded by a glittering hidden halo that adds extra brilliance to the already stunning stone. The slender band is adorned with channel set baguette diamonds that perfectly complement the center stone. With its classic elegance and modern sophistication, The Monica engagement ring is the perfect way to celebrate your love story.,2,oval,14k-yellow-gold,2.5mm,0.48 ct,14k White Gold,58.5% Gold,25.4% Copper,8.7% Zinc,7.3% Nickel,D-F,VVS,High,1,D-F,VS,
The Monica Set With A 1 Carat Round Lab Diamond,$3,420,The Monica is a true masterpiece that combines sleek refinement with icy sparkle. The centerpiece is a magnificent diamond that sparkles from every angle, surrounded by a glittering hidden halo that adds extra brilliance to the already stunning stone. The slender band is adorned with channel set baguette diamonds that perfectly complement the center stone. With its classic elegance and modern sophistication, The Monica engagement ring is the perfect way to celebrate your love story.,2,oval,14k-rose-gold,2.5mm,0.48 ct,14k White Gold,58.5% Gold,25.4% Copper,8.7% Zinc,7.3% Nickel,D-F,VVS,High,1,D-F,VS,
The Monica Set With A 1 Carat Round Lab Diamond,$3,420,The Monica is a true masterpiece that combines sleek refinement with icy sparkle. The centerpiece is a magnificent diamond that sparkles from every angle, surrounded by a glittering hidden halo that adds extra brilliance to the already stunning stone. The slender band is adorned with channel set baguette diamonds that perfectly complement the center stone. With its classic elegance and modern sophistication, The Monica engagement ring is the perfect way to celebrate your love story.,2,oval,platinum,2.5mm,0.48 ct,14k White Gold,58.5% Gold,25.4% Copper,8.7% Zinc,7.3% Nickel,D-F,VVS,High,1,D-F,VS,
The Monica Set With A 1 Carat Round Lab Diamond,$3,420,The Monica is a true masterpiece that combines sleek refinement with icy sparkle. The centerpiece is a magnificent diamond that sparkles from every angle, surrounded by a glittering hidden halo that adds extra brilliance to the already stunning stone. The slender band is adorned with channel set baguette diamonds that perfectly complement the center stone. With its classic elegance and modern sophistication, The Monica engagement ring is the perfect way to celebrate your love story.,2,pear,14k-white-gold,2.5mm,0.48 ct,14k White Gold,58.5% Gold,25.4% Copper,8.7% Zinc,7.3% Nickel,D-F,VVS,High,1,D-F,VS,
The Monica Set With A 1 Carat Round Lab Diamond,$3,420,The Monica is a true masterpiece that combines sleek refinement with icy sparkle. The centerpiece is a magnificent diamond that sparkles from every angle, surrounded by a glittering hidden halo that adds extra brilliance to the already stunning stone. The slender band is adorned with channel set baguette diamonds that perfectly complement the center stone. With its classic elegance and modern sophistication, The Monica engagement ring is the perfect way to celebrate your love story.,2,pear,14k-yellow-gold,2.5mm,0.48 ct,14k White Gold,58.5% Gold,25.4% Copper,8.7% Zinc,7.3% Nickel,D-F,VVS,High,1,D-F,VS,
The Monica Set With A 1 Carat Round Lab Diamond,$3,420,The Monica is a true masterpiece that combines sleek refinement with icy sparkle. The centerpiece is a magnificent diamond that sparkles from every angle, surrounded by a glittering hidden halo that adds extra brilliance to the already stunning stone. The slender band is adorned with channel set baguette diamonds that perfectly complement the center stone. With its classic elegance and modern sophistication, The Monica engagement ring is the perfect way to celebrate your love story.,2,pear,14k-rose-gold,2.5mm,0.48 ct,14k White Gold,58.5% Gold,25.4% Copper,8.7% Zinc,7.3% Nickel,D-F,VVS,High,1,D-F,VS,
The Monica Set With A 1 Carat Round Lab Diamond,$3,420,The Monica is a true masterpiece that combines sleek refinement with icy sparkle. The centerpiece is a magnificent diamond that sparkles from every angle, surrounded by a glittering hidden halo that adds extra brilliance to the already stunning stone. The slender band is adorned with channel set baguette diamonds that perfectly complement the center stone. With its classic elegance and modern sophistication, The Monica engagement ring is the perfect way to celebrate your love story.,2,pear,platinum,2.5mm,0.48 ct,14k White Gold,58.5% Gold,25.4% Copper,8.7% Zinc,7.3% Nickel,D-F,VVS,High,1,D-F,VS,
The Monica Set With A 1 Carat Round Lab Diamond,$3,420,The Monica is a true masterpiece that combines sleek refinement with icy sparkle. The centerpiece is a magnificent diamond that sparkles from every angle, surrounded by a glittering hidden halo that adds extra brilliance to the already stunning stone. The slender band is adorned with channel set baguette diamonds that perfectly complement the center stone. With its classic elegance and modern sophistication, The Monica engagement ring is the perfect way to celebrate your love story.,2,cushion,14k-white-gold,2.5mm,0.48 ct,14k White Gold,58.5% Gold,25.4% Copper,8.7% Zinc,7.3% Nickel,D-F,VVS,High,1,D-F,VS,
The Monica Set With A 1 Carat Round Lab Diamond,$3,420,The Monica is a true masterpiece that combines sleek refinement with icy sparkle. The centerpiece is a magnificent diamond that sparkles from every angle, surrounded by a glittering hidden halo that adds extra brilliance to the already stunning stone. The slender band is adorned with channel set baguette diamonds that perfectly complement the center stone. With its classic elegance and modern sophistication, The Monica engagement ring is the perfect way to celebrate your love story.,2,cushion,14k-yellow-gold,2.5mm,0.48 ct,14k White Gold,58.5% Gold,25.4% Copper,8.7% Zinc,7.3% Nickel,D-F,VVS,High,1,D-F,VS,
The Monica Set With A 1 Carat Round Lab Diamond,$3,420,The Monica is a true masterpiece that combines sleek refinement with icy sparkle. The centerpiece is a magnificent diamond that sparkles from every angle, surrounded by a glittering hidden halo that adds extra brilliance to the already stunning stone. The slender band is adorned with channel set baguette diamonds that perfectly complement the center stone. With its classic elegance and modern sophistication, The Monica engagement ring is the perfect way to celebrate your love story.,2,cushion,14k-rose-gold,2.5mm,0.48 ct,14k White Gold,58.5% Gold,25.4% Copper,8.7% Zinc,7.3% Nickel,D-F,VVS,High,1,D-F,VS,
The Monica Set With A 1 Carat Round Lab Diamond,$3,420,The Monica is a true masterpiece that combines sleek refinement with icy sparkle. The centerpiece is a magnificent diamond that sparkles from every angle, surrounded by a glittering hidden halo that adds extra brilliance to the already stunning stone. The slender band is adorned with channel set baguette diamonds that perfectly complement the center stone. With its classic elegance and modern sophistication, The Monica engagement ring is the perfect way to celebrate your love story.,2,cushion,platinum,2.5mm,0.48 ct,14k White Gold,58.5% Gold,25.4% Copper,8.7% Zinc,7.3% Nickel,D-F,VVS,High,1,D-F,VS,
The Monica Set With A 1 Carat Round Lab Diamond,$3,420,The Monica is a true masterpiece that combines sleek refinement with icy sparkle. The centerpiece is a magnificent diamond that sparkles from every angle, surrounded by a glittering hidden halo that adds extra brilliance to the already stunning stone. The slender band is adorned with channel set baguette diamonds that perfectly complement the center stone. With its classic elegance and modern sophistication, The Monica engagement ring is the perfect way to celebrate your love story.,2-5,round,14k-white-gold,2.5mm,0.48 ct,14k White Gold,58.5% Gold,25.4% Copper,8.7% Zinc,7.3% Nickel,D-F,VVS,High,1,D-F,VS,
The Monica Set With A 1 Carat Round Lab Diamond,$3,420,The Monica is a true masterpiece that combines sleek refinement with icy sparkle. The centerpiece is a magnificent diamond that sparkles from every angle, surrounded by a glittering hidden halo that adds extra brilliance to the already stunning stone. The slender band is adorned with channel set baguette diamonds that perfectly complement the center stone. With its classic elegance and modern sophistication, The Monica engagement ring is the perfect way to celebrate your love story.,2-5,round,14k-yellow-gold,2.5mm,0.48 ct,14k White Gold,58.5% Gold,25.4% Copper,8.7% Zinc,7.3% Nickel,D-F,VVS,High,1,D-F,VS,
The Monica Set With A 1 Carat Round Lab Diamond,$3,420,The Monica is a true masterpiece that combines sleek refinement with icy sparkle. The centerpiece is a magnificent diamond that sparkles from every angle, surrounded by a glittering hidden halo that adds extra brilliance to the already stunning stone. The slender band is adorned with channel set baguette diamonds that perfectly complement the center stone. With its classic elegance and modern sophistication, The Monica engagement ring is the perfect way to celebrate your love story.,2-5,round,14k-rose-gold,2.5mm,0.48 ct,14k White Gold,58.5% Gold,25.4% Copper,8.7% Zinc,7.3% Nickel,D-F,VVS,High,1,D-F,VS,
The Monica Set With A 1 Carat Round Lab Diamond,$3,420,The Monica is a true masterpiece that combines sleek refinement with icy sparkle. The centerpiece is a magnificent diamond that sparkles from every angle, surrounded by a glittering hidden halo that adds extra brilliance to the already stunning stone. The slender band is adorned with channel set baguette diamonds that perfectly complement the center stone. With its classic elegance and modern sophistication, The Monica engagement ring is the perfect way to celebrate your love story.,2-5,round,platinum,2.5mm,0.48 ct,14k White Gold,58.5% Gold,25.4% Copper,8.7% Zinc,7.3% Nickel,D-F,VVS,High,1,D-F,VS,
The Monica Set With A 1 Carat Round Lab Diamond,$3,420,The Monica is a true masterpiece that combines sleek refinement with icy sparkle. The centerpiece is a magnificent diamond that sparkles from every angle, surrounded by a glittering hidden halo that adds extra brilliance to the already stunning stone. The slender band is adorned with channel set baguette diamonds that perfectly complement the center stone. With its classic elegance and modern sophistication, The Monica engagement ring is the perfect way to celebrate your love story.,2-5,oval,14k-white-gold,2.5mm,0.48 ct,14k White Gold,58.5% Gold,25.4% Copper,8.7% Zinc,7.3% Nickel,D-F,VVS,High,1,D-F,VS,
The Monica Set With A 1 Carat Round Lab Diamond,$3,420,The Monica is a true masterpiece that combines sleek refinement with icy sparkle. The centerpiece is a magnificent diamond that sparkles from every angle, surrounded by a glittering hidden halo that adds extra brilliance to the already stunning stone. The slender band is adorned with channel set baguette diamonds that perfectly complement the center stone. With its classic elegance and modern sophistication, The Monica engagement ring is the perfect way to celebrate your love story.,2-5,oval,14k-yellow-gold,2.5mm,0.48 ct,14k White Gold,58.5% Gold,25.4% Copper,8.7% Zinc,7.3% Nickel,D-F,VVS,High,1,D-F,VS,
The Monica Set With A 1 Carat Round Lab Diamond,$3,420,The Monica is a true masterpiece that combines sleek refinement with icy sparkle. The centerpiece is a magnificent diamond that sparkles from every angle, surrounded by a glittering hidden halo that adds extra brilliance to the already stunning stone. The slender band is adorned with channel set baguette diamonds that perfectly complement the center stone. With its classic elegance and modern sophistication, The Monica engagement ring is the perfect way to celebrate your love story.,2-5,oval,14k-rose-gold,2.5mm,0.48 ct,14k White Gold,58.5% Gold,25.4% Copper,8.7% Zinc,7.3% Nickel,D-F,VVS,High,1,D-F,VS,
The Monica Set With A 1 Carat Round Lab Diamond,$3,420,The Monica is a true masterpiece that combines sleek refinement with icy sparkle. The centerpiece is a magnificent diamond that sparkles from every angle, surrounded by a glittering hidden halo that adds extra brilliance to the already stunning stone. The slender band is adorned with channel set baguette diamonds that perfectly complement the center stone. With its classic elegance and modern sophistication, The Monica engagement ring is the perfect way to celebrate your love story.,2-5,oval,platinum,2.5mm,0.48 ct,14k White Gold,58.5% Gold,25.4% Copper,8.7% Zinc,7.3% Nickel,D-F,VVS,High,1,D-F,VS,
The Monica Set With A 1 Carat Round Lab Diamond,$3,420,The Monica is a true masterpiece that combines sleek refinement with icy sparkle. The centerpiece is a magnificent diamond that sparkles from every angle, surrounded by a glittering hidden halo that adds extra brilliance to the already stunning stone. The slender band is adorned with channel set baguette diamonds that perfectly complement the center stone. With its classic elegance and modern sophistication, The Monica engagement ring is the perfect way to celebrate your love story.,2-5,pear,14k-white-gold,2.5mm,0.48 ct,14k White Gold,58.5% Gold,25.4% Copper,8.7% Zinc,7.3% Nickel,D-F,VVS,High,1,D-F,VS,
The Monica Set With A 1 Carat Round Lab Diamond,$3,420,The Monica is a true masterpiece that combines sleek refinement with icy sparkle. The centerpiece is a magnificent diamond that sparkles from every angle, surrounded by a glittering hidden halo that adds extra brilliance to the already stunning stone. The slender band is adorned with channel set baguette diamonds that perfectly complement the center stone. With its classic elegance and modern sophistication, The Monica engagement ring is the perfect way to celebrate your love story.,2-5,pear,14k-yellow-gold,2.5mm,0.48 ct,14k White Gold,58.5% Gold,25.4% Copper,8.7% Zinc,7.3% Nickel,D-F,VVS,High,1,D-F,VS,
The Monica Set With A 1 Carat Round Lab Diamond,$3,420,The Monica is a true masterpiece that combines sleek refinement with icy sparkle. The centerpiece is a magnificent diamond that sparkles from every angle, surrounded by a glittering hidden halo that adds extra brilliance to the already stunning stone. The slender band is adorned with channel set baguette diamonds that perfectly complement the center stone. With its classic elegance and modern sophistication, The Monica engagement ring is the perfect way to celebrate your love story.,2-5,pear,14k-rose-gold,2.5mm,0.48 ct,14k White Gold,58.5% Gold,25.4% Copper,8.7% Zinc,7.3% Nickel,D-F,VVS,High,1,D-F,VS,
The Monica Set With A 1 Carat Round Lab Diamond,$3,420,The Monica is a true masterpiece that combines sleek refinement with icy sparkle. The centerpiece is a magnificent diamond that sparkles from every angle, surrounded by a glittering hidden halo that adds extra brilliance to the already stunning stone. The slender band is adorned with channel set baguette diamonds that perfectly complement the center stone. With its classic elegance and modern sophistication, The Monica engagement ring is the perfect way to celebrate your love story.,2-5,pear,platinum,2.5mm,0.48 ct,14k White Gold,58.5% Gold,25.4% Copper,8.7% Zinc,7.3% Nickel,D-F,VVS,High,1,D-F,VS,
The Monica Set With A 1 Carat Round Lab Diamond,$3,420,The Monica is a true masterpiece that combines sleek refinement with icy sparkle. The centerpiece is a magnificent diamond that sparkles from every angle, surrounded by a glittering hidden halo that adds extra brilliance to the already stunning stone. The slender band is adorned with channel set baguette diamonds that perfectly complement the center stone. With its classic elegance and modern sophistication, The Monica engagement ring is the perfect way to celebrate your love story.,2-5,cushion,14k-white-gold,2.5mm,0.48 ct,14k White Gold,58.5% Gold,25.4% Copper,8.7% Zinc,7.3% Nickel,D-F,VVS,High,1,D-F,VS,
The Monica Set With A 1 Carat Round Lab Diamond,$3,420,The Monica is a true masterpiece that combines sleek refinement with icy sparkle. The centerpiece is a magnificent diamond that sparkles from every angle, surrounded by a glittering hidden halo that adds extra brilliance to the already stunning stone. The slender band is adorned with channel set baguette diamonds that perfectly complement the center stone. With its classic elegance and modern sophistication, The Monica engagement ring is the perfect way to celebrate your love story.,2-5,cushion,14k-yellow-gold,2.5mm,0.48 ct,14k White Gold,58.5% Gold,25.4% Copper,8.7% Zinc,7.3% Nickel,D-F,VVS,High,1,D-F,VS,
The Monica Set With A 1 Carat Round Lab Diamond,$3,420,The Monica is a true masterpiece that combines sleek refinement with icy sparkle. The centerpiece is a magnificent diamond that sparkles from every angle, surrounded by a glittering hidden halo that adds extra brilliance to the already stunning stone. The slender band is adorned with channel set baguette diamonds that perfectly complement the center stone. With its classic elegance and modern sophistication, The Monica engagement ring is the perfect way to celebrate your love story.,2-5,cushion,14k-rose-gold,2.5mm,0.48 ct,14k White Gold,58.5% Gold,25.4% Copper,8.7% Zinc,7.3% Nickel,D-F,VVS,High,1,D-F,VS,
The Monica Set With A 1 Carat Round Lab Diamond,$3,420,The Monica is a true masterpiece that combines sleek refinement with icy sparkle. The centerpiece is a magnificent diamond that sparkles from every angle, surrounded by a glittering hidden halo that adds extra brilliance to the already stunning stone. The slender band is adorned with channel set baguette diamonds that perfectly complement the center stone. With its classic elegance and modern sophistication, The Monica engagement ring is the perfect way to celebrate your love story.,2-5,cushion,platinum,2.5mm,0.48 ct,14k White Gold,58.5% Gold,25.4% Copper,8.7% Zinc,7.3% Nickel,D-F,VVS,High,1,D-F,VS,
The Monica Set With A 1 Carat Round Lab Diamond,$3,420,The Monica is a true masterpiece that combines sleek refinement with icy sparkle. The centerpiece is a magnificent diamond that sparkles from every angle, surrounded by a glittering hidden halo that adds extra brilliance to the already stunning stone. The slender band is adorned with channel set baguette diamonds that perfectly complement the center stone. With its classic elegance and modern sophistication, The Monica engagement ring is the perfect way to celebrate your love story.,3,round,14k-white-gold,2.5mm,0.48 ct,14k White Gold,58.5% Gold,25.4% Copper,8.7% Zinc,7.3% Nickel,D-F,VVS,High,1,D-F,VS,
The Monica Set With A 1 Carat Round Lab Diamond,$3,420,The Monica is a true masterpiece that combines sleek refinement with icy sparkle. The centerpiece is a magnificent diamond that sparkles from every angle, surrounded by a glittering hidden halo that adds extra brilliance to the already stunning stone. The slender band is adorned with channel set baguette diamonds that perfectly complement the center stone. With its classic elegance and modern sophistication, The Monica engagement ring is the perfect way to celebrate your love story.,3,round,14k-yellow-gold,2.5mm,0.48 ct,14k White Gold,58.5% Gold,25.4% Copper,8.7% Zinc,7.3% Nickel,D-F,VVS,High,1,D-F,VS,
The Monica Set With A 1 Carat Round Lab Diamond,$3,420,The Monica is a true masterpiece that combines sleek refinement with icy sparkle. The centerpiece is a magnificent diamond that sparkles from every angle, surrounded by a glittering hidden halo that adds extra brilliance to the already stunning stone. The slender band is adorned with channel set baguette diamonds that perfectly complement the center stone. With its classic elegance and modern sophistication, The Monica engagement ring is the perfect way to celebrate your love story.,3,round,14k-rose-gold,2.5mm,0.48 ct,14k White Gold,58.5% Gold,25.4% Copper,8.7% Zinc,7.3% Nickel,D-F,VVS,High,1,D-F,VS,
The Monica Set With A 1 Carat Round Lab Diamond,$3,420,The Monica is a true masterpiece that combines sleek refinement with icy sparkle. The centerpiece is a magnificent diamond that sparkles from every angle, surrounded by a glittering hidden halo that adds extra brilliance to the already stunning stone. The slender band is adorned with channel set baguette diamonds that perfectly complement the center stone. With its classic elegance and modern sophistication, The Monica engagement ring is the perfect way to celebrate your love story.,3,round,platinum,2.5mm,0.48 ct,14k White Gold,58.5% Gold,25.4% Copper,8.7% Zinc,7.3% Nickel,D-F,VVS,High,1,D-F,VS,
The Monica Set With A 1 Carat Round Lab Diamond,$3,420,The Monica is a true masterpiece that combines sleek refinement with icy sparkle. The centerpiece is a magnificent diamond that sparkles from every angle, surrounded by a glittering hidden halo that adds extra brilliance to the already stunning stone. The slender band is adorned with channel set baguette diamonds that perfectly complement the center stone. With its classic elegance and modern sophistication, The Monica engagement ring is the perfect way to celebrate your love story.,3,oval,14k-white-gold,2.5mm,0.48 ct,14k White Gold,58.5% Gold,25.4% Copper,8.7% Zinc,7.3% Nickel,D-F,VVS,High,1,D-F,VS,
The Monica Set With A 1 Carat Round Lab Diamond,$3,420,The Monica is a true masterpiece that combines sleek refinement with icy sparkle. The centerpiece is a magnificent diamond that sparkles from every angle, surrounded by a glittering hidden halo that adds extra brilliance to the already stunning stone. The slender band is adorned with channel set baguette diamonds that perfectly complement the center stone. With its classic elegance and modern sophistication, The Monica engagement ring is the perfect way to celebrate your love story.,3,oval,14k-yellow-gold,2.5mm,0.48 ct,14k White Gold,58.5% Gold,25.4% Copper,8.7% Zinc,7.3% Nickel,D-F,VVS,High,1,D-F,VS,
The Monica Set With A 1 Carat Round Lab Diamond,$3,420,The Monica is a true masterpiece that combines sleek refinement with icy sparkle. The centerpiece is a magnificent diamond that sparkles from every angle, surrounded by a glittering hidden halo that adds extra brilliance to the already stunning stone. The slender band is adorned with channel set baguette diamonds that perfectly complement the center stone. With its classic elegance and modern sophistication, The Monica engagement ring is the perfect way to celebrate your love story.,3,oval,14k-rose-gold,2.5mm,0.48 ct,14k White Gold,58.5% Gold,25.4% Copper,8.7% Zinc,7.3% Nickel,D-F,VVS,High,1,D-F,VS,
The Monica Set With A 1 Carat Round Lab Diamond,$3,420,The Monica is a true masterpiece that combines sleek refinement with icy sparkle. The centerpiece is a magnificent diamond that sparkles from every angle, surrounded by a glittering hidden halo that adds extra brilliance to the already stunning stone. The slender band is adorned with channel set baguette diamonds that perfectly complement the center stone. With its classic elegance and modern sophistication, The Monica engagement ring is the perfect way to celebrate your love story.,3,oval,platinum,2.5mm,0.48 ct,14k White Gold,58.5% Gold,25.4% Copper,8.7% Zinc,7.3% Nickel,D-F,VVS,High,1,D-F,VS,
The Monica Set With A 1 Carat Round Lab Diamond,$3,420,The Monica is a true masterpiece that combines sleek refinement with icy sparkle. The centerpiece is a magnificent diamond that sparkles from every angle, surrounded by a glittering hidden halo that adds extra brilliance to the already stunning stone. The slender band is adorned with channel set baguette diamonds that perfectly complement the center stone. With its classic elegance and modern sophistication, The Monica engagement ring is the perfect way to celebrate your love story.,3,pear,14k-white-gold,2.5mm,0.48 ct,14k White Gold,58.5% Gold,25.4% Copper,8.7% Zinc,7.3% Nickel,D-F,VVS,High,1,D-F,VS,
The Monica Set With A 1 Carat Round Lab Diamond,$3,420,The Monica is a true masterpiece that combines sleek refinement with icy sparkle. The centerpiece is a magnificent diamond that sparkles from every angle, surrounded by a glittering hidden halo that adds extra brilliance to the already stunning stone. The slender band is adorned with channel set baguette diamonds that perfectly complement the center stone. With its classic elegance and modern sophistication, The Monica engagement ring is the perfect way to celebrate your love story.,3,pear,14k-yellow-gold,2.5mm,0.48 ct,14k White Gold,58.5% Gold,25.4% Copper,8.7% Zinc,7.3% Nickel,D-F,VVS,High,1,D-F,VS,
The Monica Set With A 1 Carat Round Lab Diamond,$3,420,The Monica is a true masterpiece that combines sleek refinement with icy sparkle. The centerpiece is a magnificent diamond that sparkles from every angle, surrounded by a glittering hidden halo that adds extra brilliance to the already stunning stone. The slender band is adorned with channel set baguette diamonds that perfectly complement the center stone. With its classic elegance and modern sophistication, The Monica engagement ring is the perfect way to celebrate your love story.,3,pear,14k-rose-gold,2.5mm,0.48 ct,14k White Gold,58.5% Gold,25.4% Copper,8.7% Zinc,7.3% Nickel,D-F,VVS,High,1,D-F,VS,
The Monica Set With A 1 Carat Round Lab Diamond,$3,420,The Monica is a true masterpiece that combines sleek refinement with icy sparkle. The centerpiece is a magnificent diamond that sparkles from every angle, surrounded by a glittering hidden halo that adds extra brilliance to the already stunning stone. The slender band is adorned with channel set baguette diamonds that perfectly complement the center stone. With its classic elegance and modern sophistication, The Monica engagement ring is the perfect way to celebrate your love story.,3,pear,platinum,2.5mm,0.48 ct,14k White Gold,58.5% Gold,25.4% Copper,8.7% Zinc,7.3% Nickel,D-F,VVS,High,1,D-F,VS,
The Monica Set With A 1 Carat Round Lab Diamond,$3,420,The Monica is a true masterpiece that combines sleek refinement with icy sparkle. The centerpiece is a magnificent diamond that sparkles from every angle, surrounded by a glittering hidden halo that adds extra brilliance to the already stunning stone. The slender band is adorned with channel set baguette diamonds that perfectly complement the center stone. With its classic elegance and modern sophistication, The Monica engagement ring is the perfect way to celebrate your love story.,3,cushion,14k-white-gold,2.5mm,0.48 ct,14k White Gold,58.5% Gold,25.4% Copper,8.7% Zinc,7.3% Nickel,D-F,VVS,High,1,D-F,VS,
The Monica Set With A 1 Carat Round Lab Diamond,$3,420,The Monica is a true masterpiece that combines sleek refinement with icy sparkle. The centerpiece is a magnificent diamond that sparkles from every angle, surrounded by a glittering hidden halo that adds extra brilliance to the already stunning stone. The slender band is adorned with channel set baguette diamonds that perfectly complement the center stone. With its classic elegance and modern sophistication, The Monica engagement ring is the perfect way to celebrate your love story.,3,cushion,14k-yellow-gold,2.5mm,0.48 ct,14k White Gold,58.5% Gold,25.4% Copper,8.7% Zinc,7.3% Nickel,D-F,VVS,High,1,D-F,VS,
The Monica Set With A 1 Carat Round Lab Diamond,$3,420,The Monica is a true masterpiece that combines sleek refinement with icy sparkle. The centerpiece is a magnificent diamond that sparkles from every angle, surrounded by a glittering hidden halo that adds extra brilliance to the already stunning stone. The slender band is adorned with channel set baguette diamonds that perfectly complement the center stone. With its classic elegance and modern sophistication, The Monica engagement ring is the perfect way to celebrate your love story.,3,cushion,14k-rose-gold,2.5mm,0.48 ct,14k White Gold,58.5% Gold,25.4% Copper,8.7% Zinc,7.3% Nickel,D-F,VVS,High,1,D-F,VS,
The Monica Set With A 1 Carat Round Lab Diamond,$3,420,The Monica is a true masterpiece that combines sleek refinement with icy sparkle. The centerpiece is a magnificent diamond that sparkles from every angle, surrounded by a glittering hidden halo that adds extra brilliance to the already stunning stone. The slender band is adorned with channel set baguette diamonds that perfectly complement the center stone. With its classic elegance and modern sophistication, The Monica engagement ring is the perfect way to celebrate your love story.,3,cushion,platinum,2.5mm,0.48 ct,14k White Gold,58.5% Gold,25.4% Copper,8.7% Zinc,7.3% Nickel,D-F,VVS,High,1,D-F,VS,
